14/01/2015 11:25:17,sanzo,w00p|Sanzo
14/01/2015 11:25:44,million,|oNe|Million
14/01/2015 11:48:19,lucas,w00p|Lucas
14/01/2015 12:01:36,lozi,"Lozi"""
14/01/2015 12:27:11,dam,w00p|Dam.
14/01/2015 12:46:41,grazy,|AoX|Grazy
14/01/2015 12:54:57,exoduss,ExodusS
14/01/2015 14:55:14,mise,Mise=MyS=
14/01/2015 15:29:59,chill,.45|Chill
14/01/2015 15:30:21,redbull,w00p|Redbull
14/01/2015 15:50:03,endgame,FD*EndGame
14/01/2015 15:59:07,faker,Faker
14/01/2015 16:32:13,ven,queensKing
14/01/2015 23:34:12,phantom,fantasma
15/01/2015 14:43:56,youngstud,YoungStud
15/01/2015 15:48:12,brett,Brett{TyD}
15/01/2015 15:56:56,utah,Utah
15/01/2015 16:16:48,reedie,|dR|Reedie
15/01/2015 16:24:01,nemo,|FaD|I<3u
15/01/2015 17:14:33,condy,STK#Condy
15/01/2015 23:28:47,coxa,w00p|CoxA*
15/01/2015 23:31:47,swatllama,swatllama
15/01/2015 23:59:58,xemi,.rC|xemi
16/01/2015 11:28:49,morgkell,|KH|MorganKell
16/01/2015 13:18:58,madcatz,|AoX|madcatz^
16/01/2015 13:45:44,meanduck,|FaD|meanduck
16/01/2015 16:57:04,elcrema,ElCre#M|A#
16/01/2015 22:30:12,swarmed,-xW-#$w@rM3D*
16/01/2015 23:48:08,honor,w00p|Honor
17/01/2015 02:08:45,sam,S4m'bnQ
17/01/2015 03:11:29,rayden,~FEL~.RayDen
17/01/2015 07:50:30,hernan,~FEL~HGF-ARG
17/01/2015 10:34:31,quico,[PSY]quico
17/01/2015 12:40:08,echo,w00p|.ech0
17/01/2015 14:19:54,speedy,Sp33dy|3i|
18/01/2015 12:24:17,harrek,w00p|Harrek
18/01/2015 14:33:24,mac,|#LC*|m@C
19/01/2015 16:13:58,narcotik,{BoB}Narco[T]iK
19/01/2015 16:51:38,alpha,Alpha{BoB}
19/01/2015 21:10:28,subby,|AoX|Subby
19/01/2015 23:33:41,hawk,hawk
20/01/2015 06:29:08,sexoloco,~FEL~SEXOLOCO
20/01/2015 10:24:23,bunny,w00p|bunny
20/01/2015 17:38:35,atomikk,|#LC*|AtoMikK
21/01/2015 01:48:49,hades,w00p|hades
21/01/2015 03:16:44,lean,LeaN~
21/01/2015 17:45:32,valf,valf13
21/01/2015 17:52:01,zerox,Zer0x
21/01/2015 19:06:46,blackoups,BlackOups
22/01/2015 12:36:52,ketar,3i|Ketar*
23/01/2015 10:01:54,versace,Versace=MyS=
25/01/2015 14:59:35,piton,STK#PiToN
27/01/2015 03:39:00,vrm,|oNe|VERMI
27/01/2015 21:09:22,bernatix,~FEL~|Sullivan|
27/01/2015 22:52:28,hustlin,-xW-#Hustlin
28/01/2015 16:43:00,fede,FD*Federico.
28/01/2015 22:18:59,master,CR7
03/02/2015 22:16:42,life,w00p|LiFe.
03/02/2015 23:32:41,gazda,FD*Gazda
10/02/2015 00:05:50,hitman,*[BRC]*H1TM4N*
21/02/2015 21:18:38,enty,*[BRC]*.EnTy^
22/02/2015 03:28:07,padfoot,.4X|Padfoot
2015-02-27,lozi,Lozi
03/11/2014,drakas,w00p|Drakas
28/02/2015 17:56:08,rafael,*[BRC]*.RafaeL
02/03/2015 02:17:57,badmonkey,|FaD|BaDMonkey
04/03/2015 18:01:06,robaum,*[BRC]*.Robaum!
06/03/2015 22:08:00,fury,FURY*[BRC]*
2015-03-07,narcotik,-xW-#NarcotiK
20/03/2015 20:31:17,crash,crash
30/03/2015 01:16:23,oldchill,U|Chill
03/04/2015 03:12:38,abyss,STK#abyss
2015-04-05,abyss,*[BRC]*abyss
07/04/2015 12:09:58,graziano,.4X|Grazy
12/04/2015 14:39:00,lexus,.LeXuS''
2015-04-17,bernatix,-Bernatix.
17/04/2015 18:09:55,yang,*[BRC]*.Yang*
2015-04-19,lozi,w00p|Lozi
22/04/2015 05:46:41,catico,U|Catico
2015-04-24,piton,*[BRC]*PiToN
27/04/2015 10:26:50,feeh,kennyS
05/12/2015 16:37:18,lucas,w00p|Lucas
2015-12-01,brett,Brett
2015-11-01,nemo,|BC|I<3u
05/12/2015 21:01:58,abc,cannonfodder
05/12/2015 21:37:44,veritas,|BC|Veritas
2015-10-01,veritas,|BC|Veritas
05/12/2015 22:09:56,dxservers,DaylixX
2015-01-01,dxservers,DaylixX
05/12/2015 22:28:26,piotrekmpc,piotrekmpc
2015-10-01,piotrekmpc,piotrekmpc
2015-12-01,quico,quico
06/12/2015 10:19:09,roms,aR#Rom's
2015-10-01,roms,aR#Rom's
2015-01-01,roms,~EW#Rom's_love
2015-12-01,condy,condy+BRA+
2015-10-01,rayden,|BC|.RayDen
2015-10-02,mac,m@C
06/12/2015 20:12:07,geatzo,aR#*G
2015-05-01,geatzo,aR#*G
06/12/2015 21:00:05,marlboro,aR#Marlboro
2015-05-01,marlboro,aR#Marlboro
2015-12-01,crash,U|crash
2015-10-01,ketar,Ketar*
08/12/2015 21:14:45,hakou,AC...
2015-08-01,hakou,AC...
09/12/2015 12:06:59,riko,.vM|Riko
09/12/2015 16:06:11,troll,|DnC|Troll
2015-11-01,meanduck,meanduck
10/12/2015 17:32:10,chm,champo
10/12/2015 19:39:59,aarmaa,<(*)aarmaageedo
2015-09-01,aarmaa,aarmaageedoon
2015-10-01,fede,Fede|oNe|
10/12/2015 20:19:54,lantern,LaNterN.|oNe|
11/12/2015 18:47:34,subjective,-Subjective
2015-05-01,subjective,-Subjective
11/12/2015 22:00:57,dogdancing,Dog|BC|Dancing
2015-08-01,dogdancing,Dog|BC|Dancing
11/12/2015 23:06:30,flint,Pi_Flint
2015-08-01,flint,Pi_Flint
12/11/2015,timber,Timber
2015-12-01,graziano,|DnC|Grazy
2015-12-01,million,Million
23/12/2015 20:16:19,zangetsu,Zangetsu
2015-12-23,madcatz,|DnC|madcatz
2015-12-22,zangetsu,ESL|Zangetsu
23/12/2015 22:00:00,zangetsu,Zangetsu
24/12/2015 11:57:48,illumina,IlluMiNa
01/12/2015,illumina,IlluMiNa
2015-12-15,enty,iR|.EnTy^
25/12/2015 11:11:31,ben,BEN10
2015-10-01,ben,BEN10
2015-12-01,piton,iR|Piton
2015-12-01,rafael,iR|.Rafa*
15/12/2015,subjective,|DnC|Subjective
2015-12-15,fury,iR|FURY
2015-01-15,faker,Faker
2015-01-22,zerox,Zer0x
01/10/2015,hure,|BC|hure